date;xmr_open;xmr_high;xmr_low;xmr_close;xmr_adj_close;xmr_volume;eth_open;eth_high;eth_low;eth_close;eth_adj_close;eth_volume;btc_open;btc_high;btc_low;btc_close;btc_adj_close;btc_volume
2022.04.01;212.794800;221.844177;209.203842;218.309906;218.309906;177054928;3282.576172;3467.555908;3223.891357;3449.552246;3449.552246;20982988937;45554.164063;46616.242188;44403.140625;46281.644531;46281.644531;38162644287
2022.04.02;218.315521;222.709213;212.388382;212.553955;212.553955;145296260;3449.788574;3521.284668;3442.000244;3445.059326;3445.059326;23571556215;46285.500000;47028.281250;45782.511719;45868.949219;45868.949219;29336594194
2022.04.03;212.549561;218.723724;209.434174;217.245804;217.245804;117080472;3444.810547;3573.960205;3421.259766;3522.833496;3522.833496;15333808649;45859.128906;47313.476563;45634.105469;46453.566406;46453.566406;25414397610
2022.04.04;217.233261;223.789642;211.707336;221.952454;221.952454;153401504;3522.364990;3535.148193;3422.000977;3521.241211;3521.241211;18209969743;46445.273438;46791.089844;45235.816406;46622.675781;46622.675781;32499785455
2022.04.05;221.993271;228.252731;218.758652;222.391235;222.391235;192633448;3521.239746;3546.706787;3410.547607;3411.792480;3411.792480;16681503199;46624.507813;47106.140625;45544.808594;45555.992188;45555.992188;29640604055
2022.04.06;222.370010;224.095001;212.288422;213.760788;213.760788;211962433;3411.672119;3411.672119;3171.205078;3171.691895;3171.691895;25632563639;45544.355469;45544.355469;43193.953125;43206.738281;43206.738281;39393395788
2022.04.07;213.708725;227.876343;213.361633;226.469238;226.469238;203548299;3172.197266;3263.474609;3155.581055;3233.274658;3233.274658;16745496605;43207.500000;43860.699219;42899.906250;43503.847656;43503.847656;26101973106
2022.04.08;226.434357;227.146118;215.278717;217.120743;217.120743;174716235;3233.272461;3301.607422;3179.142334;3192.073975;3192.073975;17557050669;43505.136719;43903.019531;42183.289063;42287.664063;42287.664063;27215995394
2022.04.09;217.093079;244.226746;216.758163;240.222031;240.222031;340161431;3191.976074;3261.963135;3187.469238;3261.916260;3261.916260;9908112156;42282.078125;42786.816406;42183.253906;42782.136719;42782.136719;16050772496
2022.04.10;240.197922;244.304230;229.370255;236.041748;236.041748;286608949;3261.291504;3303.003174;3211.866943;3211.866943;3211.866943;10427054790;42781.089844;43376.378906;42021.207031;42207.671875;42207.671875;17654475582
2022.04.11;235.967834;243.311844;216.417694;225.627640;225.627640;385669610;3209.576904;3214.461914;2962.756592;2981.052246;2981.052246;21891804831;42201.039063;42424.589844;39373.058594;39521.902344;39521.902344;33949912166
2022.04.12;225.751740;248.332397;224.939682;232.857513;232.857513;526851564;2981.420654;3077.452637;2957.872314;3030.376465;3030.376465;20235707410;39533.714844;40617.585938;39388.328125;40127.183594;40127.183594;30991500854
2022.04.13;232.794586;238.462326;227.807785;236.906097;236.906097;219447167;3029.877930;3123.575439;3006.481689;3118.344238;3118.344238;16088473629;40123.570313;41430.054688;39712.746094;41166.730469;41166.730469;27691105228
2022.04.14;236.896011;239.996964;224.362839;229.632767;229.632767;175921002;3117.821777;3139.928711;2988.435303;3019.909424;3019.909424;15821419931;41160.218750;41451.480469;39695.746094;39935.515625;39935.515625;24342001973
2022.04.15;229.636292;239.706390;228.545898;239.263428;239.263428;173474747;3020.134521;3044.287354;3001.123291;3040.916504;3040.916504;11256651536;39939.402344;40617.722656;39866.832031;40553.464844;40553.464844;21756855753
2022.04.16;239.266479;239.333023;228.478409;236.285812;236.285812;162814097;3041.123291;3074.886963;3016.421143;3062.310303;3062.310303;8766710365;40552.316406;40633.679688;40078.425781;40424.484375;40424.484375;16833150693
2022.04.17;236.283386;242.760040;235.124466;241.264542;241.264542;159132419;3061.881836;3075.775879;2989.043945;2993.403320;2993.403320;10463091281;40417.777344;40570.726563;39620.894531;39716.953125;39716.953125;19087633042
2022.04.18;241.285278;266.768188;234.524292;266.571533;266.571533;424808881;2993.483887;3062.520996;2893.912842;3057.606689;3057.606689;18629381299;39721.203125;40986.320313;38696.191406;40826.214844;40826.214844;33705182072
2022.04.19;266.489563;267.935242;250.437561;254.107819;254.107819;310742790;3057.570313;3125.084229;3035.535156;3104.106445;3104.106445;14156035096;40828.175781;41672.960938;40618.632813;41502.750000;41502.750000;25303206547
2022.04.20;254.103683;270.039581;251.964478;266.563202;266.563202;359823531;3103.935059;3157.885742;3045.288330;3077.745850;3077.745850;15547362265;41501.746094;42126.300781;40961.097656;41374.378906;41374.378906;27819532341
2022.04.21;266.571533;288.820953;266.092926;279.393127;279.393127;515523707;3077.829346;3173.451416;2962.410400;2987.480713;2987.480713;20783591093;41371.515625;42893.582031;40063.828125;40527.363281;40527.363281;35372786395
2022.04.22;279.246155;287.321411;261.858002;268.139099;268.139099;343046692;2986.938721;3024.854492;2942.358643;2964.835693;2964.835693;16782795477;40525.863281;40777.757813;39315.417969;39740.320313;39740.320313;28011716745
2022.04.23;268.184021;278.794342;262.854279;267.001343;267.001343;230336098;2964.802246;2975.322754;2926.740234;2938.114014;2938.114014;9116955609;39738.722656;39935.859375;39352.203125;39486.730469;39486.730469;16138021249
2022.04.24;266.951843;268.786407;249.092209;252.906158;252.906158;227578795;2937.347168;2961.882080;2922.128662;2922.732666;2922.732666;9696829579;39478.375000;39845.925781;39233.539063;39469.292969;39469.292969;17964398167
2022.04.25;252.899887;259.406738;237.937714;254.402496;254.402496;283402341;2922.990234;3018.415527;2804.507080;3009.393555;3009.393555;22332690614;39472.605469;40491.753906;38338.378906;40458.308594;40458.308594;35445730570
2022.04.26;254.346695;263.735168;228.457977;229.230911;229.230911;275295869;3008.946289;3026.415039;2786.253174;2808.298340;2808.298340;19052045399;40448.421875;40713.890625;37884.984375;38117.460938;38117.460938;34569088416
2022.04.27;229.493774;235.707657;221.982269;229.514252;229.514252;235574090;2808.645996;2911.877441;2802.273438;2888.929688;2888.929688;17419284041;38120.300781;39397.917969;37997.312500;39241.121094;39241.121094;30981015184
2022.04.28;229.500534;237.476547;224.074722;226.974197;226.974197;203035795;2888.849854;2973.135010;2861.821533;2936.940918;2936.940918;18443524633;39241.429688;40269.464844;38941.421875;39773.828125;39773.828125;33903704907
2022.04.29;226.961227;235.024796;217.514557;220.687973;220.687973;228539213;2936.776611;2943.445801;2782.435303;2815.601807;2815.601807;18771041399;39768.617188;39887.269531;38235.535156;38609.824219;38609.824219;30882994649
2022.04.30;220.700958;233.251205;213.535889;214.662567;214.662567;233614573;2815.533447;2836.827637;2727.406250;2730.186768;2730.186768;13520941867;38605.859375;38771.210938;37697.941406;37714.875000;37714.875000;23895713731
2022.05.01;214.691223;227.330734;209.010468;212.669113;212.669113;211597053;2729.994141;2838.704346;2728.078857;2827.756104;2827.756104;15332730152;37713.265625;38627.859375;37585.789063;38469.093750;38469.093750;27002760110
2022.05.02;212.636810;216.082428;196.676086;198.667160;198.667160;234496868;2827.614014;2874.145996;2785.522949;2857.410400;2857.410400;18609741545;38472.187500;39074.972656;38156.562500;38529.328125;38529.328125;32922642426
2022.05.03;198.684174;215.341934;198.684174;207.541031;207.541031;212084119;2857.152344;2859.193359;2762.118652;2783.476318;2783.476318;13026093219;38528.109375;38629.996094;37585.621094;37750.453125;37750.453125;27326943244
2022.05.04;207.482544;225.181686;206.698975;225.181686;225.181686;218881517;2783.131104;2956.686768;2779.273682;2940.644775;2940.644775;18186749944;37748.011719;39902.949219;37732.058594;39698.371094;39698.371094;36754404490
2022.05.05;225.160339;229.323273;198.622787;206.622375;206.622375;228652275;2940.226563;2948.960693;2704.916260;2749.213135;2749.213135;22642925048;39695.746094;39789.281250;35856.515625;36575.140625;36575.140625;43106256317
2022.05.06;206.636337;217.415878;201.166534;217.005737;217.005737;204120727;2748.931641;2754.837646;2645.335205;2694.979736;2694.979736;21027599270;36573.183594;36624.359375;35482.132813;36040.921875;36040.921875;37795577489
2022.05.07;217.254608;222.909775;199.941422;204.203751;204.203751;215690316;2694.991943;2696.652832;2599.523438;2636.093018;2636.093018;13369276367;36042.503906;36129.925781;34940.824219;35501.953125;35501.953125;24375896406
2022.05.08;204.273178;221.631149;200.368240;217.238922;217.238922;278903350;2636.121826;2638.830566;2498.430176;2517.459961;2517.459961;20802269935;35502.941406;35502.941406;33878.964844;34059.265625;34059.265625;36763041910
2022.05.09;217.215134;220.556915;175.351425;175.351425;175.351425;275353337;2518.508301;2528.258057;2238.062744;2245.430420;2245.430420;36333567678;34060.015625;34222.074219;30296.953125;30296.953125;30296.953125;63355494961
2022.05.10;174.994095;189.106766;152.972839;162.956924;162.956924;300591532;2242.650391;2450.760254;2206.756836;2343.510986;2343.510986;38202099639;30273.654297;32596.308594;29944.802734;31022.906250;31022.906250;59811038817
2022.05.11;162.905640;171.270233;138.463989;138.746155;138.746155;330581689;2342.754150;2441.079346;2018.855591;2072.108643;2072.108643;45743399154;31016.183594;32013.402344;28170.414063;28936.355469;28936.355469;70388855818
2022.05.12;139.051956;154.589203;119.303459;137.885956;137.885956;316908184;2072.504639;2170.458008;1748.303101;1961.701538;1961.701538;42463486402;28936.734375;30032.439453;26350.490234;29047.751953;29047.751953;66989173272
2022.05.13;137.776550;154.987610;135.455170;143.945068;143.945068;179098418;1960.122559;2139.713379;1941.975952;2014.418213;2014.418213;24816096567;29030.910156;30924.802734;28782.330078;29283.103516;29283.103516;42841124537
2022.05.14;143.962677;154.597076;136.682800;154.370529;154.370529;158306034;2014.280640;2063.429932;1956.572998;2056.273926;2056.273926;15457044616;29285.642578;30192.802734;28702.910156;30101.265625;30101.265625;28579868620
2022.05.15;154.126633;172.486298;151.070724;171.679382;171.679382;190261455;2056.183105;2147.194336;2008.162720;2145.706787;2145.706787;14846088335;30098.585938;31308.191406;29527.740234;31305.113281;31305.113281;25835372065
2022.05.16;171.670349;174.615631;160.243515;162.225998;162.225998;187969094;2145.836914;2145.836914;1988.811768;2022.725952;2022.725952;21459552191;31304.375000;31305.341797;29251.884766;29862.917969;29862.917969;32613897286
2022.05.17;162.258835;177.201874;162.216110;172.868347;172.868347;172030064;2022.882324;2113.059814;2015.971558;2090.409180;2090.409180;18509929297;29862.408203;30694.490234;29570.302734;30425.857422;30425.857422;29101473475
2022.05.18;172.854752;175.441772;155.262131;155.327576;155.327576;154490275;2090.459961;2102.326660;1916.656128;1916.656128;1916.656128;17740965589;30424.478516;30618.716797;28720.271484;28720.271484;28720.271484;31285268319
2022.05.19;155.317841;169.359375;151.351456;165.819427;165.819427;152392514;1916.149536;2028.388184;1907.020508;2018.336182;2018.336182;18734247914;28720.359375;30430.751953;28708.955078;30314.333984;30314.333984;33773447707
2022.05.20;165.805740;180.951340;163.570419;174.222534;174.222534;234021413;2018.000122;2054.795898;1926.676758;1961.315674;1961.315674;15892482289;30311.119141;30664.976563;28793.605469;29200.740234;29200.740234;30749382605
2022.05.21;174.130020;180.607162;170.597824;175.993652;175.993652;146462498;1961.017944;1985.395996;1944.265137;1974.518311;1974.518311;8546822406;29199.859375;29588.869141;29027.394531;29432.226563;29432.226563;17274840442
2022.05.22;175.951706;187.821152;172.680420;187.160492;187.160492;128816310;1974.670654;2047.191406;1966.038818;2043.170166;2043.170166;10941123403;29432.472656;30425.861328;29275.183594;30323.722656;30323.722656;21631532270
2022.05.23;187.132324;199.355606;182.296783;185.182312;185.182312;269858942;2042.344727;2080.333496;1964.386597;1972.181885;1972.181885;16434529708;30309.396484;30590.585938;28975.560547;29098.910156;29098.910156;31483454557
2022.05.24;185.141983;196.028412;183.759048;193.093155;193.093155;202501485;1972.390869;1991.535522;1920.688110;1978.982788;1978.982788;13057109007;29101.125000;29774.355469;28786.589844;29655.585938;29655.585938;26616506245
2022.05.25;193.076172;204.687637;191.706802;203.915436;203.915436;233415550;1978.677002;2014.369507;1943.938599;1944.827881;1944.827881;13364545730;29653.134766;30157.785156;29384.949219;29562.361328;29562.361328;27525063551
2022.05.26;203.981812;205.312851;186.712738;189.537628;189.537628;221102783;1945.033325;1962.171143;1759.199585;1803.913330;1803.913330;23458681818;29564.777344;29834.160156;28261.906250;29267.224609;29267.224609;36774325352
2022.05.27;189.394302;190.399338;176.364014;180.348709;180.348709;192810405;1802.543823;1814.656494;1721.264771;1724.922852;1724.922852;25470760032;29251.140625;29346.943359;28326.613281;28627.574219;28627.574219;36582005748
2022.05.28;180.641724;183.910568;174.626740;175.686432;175.686432;123133749;1724.635986;1757.941772;1724.635986;1757.941772;1757.941772;23214777872;28622.625000;28814.900391;28554.566406;28814.900391;28814.900391;35519577634
2022.05.29;175.723297;188.052734;168.163483;186.072708;186.072708;140346374;1792.184448;1818.776611;1765.937378;1812.031006;1812.031006;10642556101;29019.867188;29498.009766;28841.107422;29445.957031;29445.957031;18093886409
2022.05.30;186.033188;208.470840;183.227173;204.209229;204.209229;243363621;1811.885986;2005.210815;1804.456055;1996.441284;1996.441284;19580808705;29443.365234;31949.630859;29303.572266;31726.390625;31726.390625;39277993274
2022.05.31;204.186325;207.546143;192.073608;198.539825;198.539825;247436888;1996.408081;2005.490967;1932.352051;1942.328003;1942.328003;18363115560;31723.865234;32249.863281;31286.154297;31792.310547;31792.310547;33538210634
2022.06.01;198.493774;202.984650;193.244949;198.623413;198.623413;219916192;1942.050659;1965.166626;1776.053223;1823.569336;1823.569336;21037797760;31792.554688;31957.285156;29501.587891;29799.080078;29799.080078;41135817341
2022.06.02;198.611115;203.555237;192.589096;201.395355;201.395355;173374488;1822.412109;1845.313965;1789.664185;1834.150513;1834.150513;17065041354;29794.890625;30604.734375;29652.705078;30467.488281;30467.488281;29083562061
2022.06.03;201.407700;202.556488;187.720245;193.975327;193.975327;148020353;1834.135010;1840.058838;1746.509766;1775.078613;1775.078613;14878001811;30467.806641;30633.035156;29375.689453;29704.390625;29704.390625;26175547452
2022.06.04;193.970932;195.448547;188.742310;189.132324;189.132324;113008467;1775.220825;1810.299683;1751.533325;1801.609497;1801.609497;8677951273;29706.138672;29930.564453;29500.005859;29832.914063;29832.914063;16588370958
2022.06.05;189.131348;191.646973;186.074738;187.984100;187.984100;110884734;1801.818970;1825.859619;1777.133301;1805.204956;1805.204956;8850385937;29835.117188;30117.744141;29574.449219;29906.662109;29906.662109;17264085441
2022.06.06;188.019363;195.081192;187.850098;189.512115;189.512115;125922144;1805.635986;1915.030518;1804.990234;1859.289673;1859.289673;16518471852;29910.283203;31693.291016;29894.187500;31370.671875;31370.671875;31947336829
2022.06.07;189.511169;195.058685;180.165359;187.567703;187.567703;131781619;1859.333740;1862.914917;1729.413574;1814.048340;1814.048340;24020076750;31371.742188;31489.683594;29311.683594;31155.478516;31155.478516;40770974039
2022.06.08;187.518097;189.468292;182.344833;186.441544;186.441544;106713695;1814.100708;1830.676025;1770.231201;1793.572266;1793.572266;18041476023;31151.480469;31253.691406;29944.404297;30214.355469;30214.355469;30242059107
2022.06.09;186.409546;189.503403;182.488190;185.379852;185.379852;91177653;1793.512817;1827.293091;1779.867554;1789.826050;1789.826050;12013083393;30215.279297;30609.310547;30020.265625;30111.998047;30111.998047;21692004719
2022.06.10;185.368454;186.088364;172.917206;173.876312;173.876312;152125139;1789.689941;1797.607788;1663.433960;1665.042236;1665.042236;18504740451;30110.330078;30245.808594;28978.146484;29083.804688;29083.804688;29867476527
2022.06.11;173.877502;177.861816;161.247849;166.095139;166.095139;122297730;1665.217896;1679.314209;1507.038940;1529.663452;1529.663452;21127089064;29084.666016;29401.916016;28236.212891;28360.810547;28360.810547;27246574439
2022.06.12;166.163635;166.767990;152.637405;159.041138;159.041138;143153711;1530.189697;1539.705078;1436.183960;1445.216553;1445.216553;23465074882;28373.513672;28502.685547;26762.648438;26762.648438;26762.648438;34163220274
2022.06.13;158.803116;159.142120;129.250809;132.093994;132.093994;196432477;1443.835449;1448.738037;1181.948242;1204.582764;1204.582764;45162788786;26737.578125;26795.589844;22141.257813;22487.388672;22487.388672;68204556440
2022.06.14;132.110703;133.811630;116.556953;119.284096;119.284096;192462966;1204.555298;1252.471802;1094.701904;1211.662842;1211.662842;33327826525;22487.986328;23018.951172;20950.818359;22206.792969;22206.792969;50913575242
2022.06.15;119.108261;119.122215;104.415947;118.001060;118.001060;194933079;1211.365967;1236.627563;1025.684204;1233.206421;1233.206421;37539999450;22196.730469;22642.671875;20178.376953;22572.839844;22572.839844;54912007015
2022.06.16;118.059204;120.791641;104.630714;106.440773;106.440773;108453661;1233.603516;1246.140625;1058.784546;1067.730713;1067.730713;18907671369;22576.304688;22868.921875;20265.226563;20381.650391;20381.650391;31183975654
2022.06.17;106.475281;116.155891;106.174942;114.311501;114.311501;105637682;1067.987671;1112.471558;1060.867676;1086.519287;1086.519287;14591486540;20385.718750;21243.312500;20326.519531;20471.482422;20471.482422;27132421514
2022.06.18;114.310158;115.362480;97.233368;104.183105;104.183105;119829720;1086.377930;1095.166870;896.109009;993.636780;993.636780;21655406608;20473.425781;20736.041016;17708.623047;19017.642578;19017.642578;42009436760
2022.06.19;104.146851;114.928871;100.247345;114.216995;114.216995;101230757;993.400635;1142.340820;943.116333;1127.656494;1127.656494;21795481981;19010.902344;20683.822266;18067.152344;20553.271484;20553.271484;35329942625
2022.06.20;114.201447;117.624573;108.784470;117.297623;117.297623;91092102;1127.656250;1159.985352;1066.113159;1127.642456;1127.642456;19739691429;20553.371094;20913.322266;19689.169922;20599.537109;20599.537109;30818458597
2022.06.21;117.476242;124.922676;115.887138;118.797272;118.797272;96177268;1127.511841;1185.432495;1112.572632;1124.824585;1124.824585;15632089439;20594.294922;21620.628906;20415.062500;20710.597656;20710.597656;28970212744
2022.06.22;118.842255;118.877930;111.175003;111.175003;111.175003;70776491;1125.372925;1126.261719;1049.763306;1051.421875;1051.421875;15010593493;20719.414063;20835.750000;19848.078125;19987.029297;19987.029297;28574793478
2022.06.23;111.162643;122.716476;110.992081;122.696388;122.696388;65743632;1051.329346;1146.494263;1050.219604;1143.386719;1143.386719;14657862919;19986.607422;21135.761719;19950.117188;21085.876953;21085.876953;26188097173
2022.06.24;122.661652;128.667938;122.593842;126.465096;126.465096;77979509;1143.204712;1238.616943;1134.514038;1226.844727;1226.844727;16981552654;21084.648438;21472.917969;20777.511719;21231.656250;21231.656250;24957784918
2022.06.25;126.483200;127.972267;121.127563;127.481865;127.481865;63867278;1226.724731;1246.394287;1184.562012;1243.446899;1243.446899;12481946184;21233.609375;21520.914063;20964.585938;21502.337891;21502.337891;18372538715
2022.06.26;127.427315;133.788010;125.324242;125.324242;125.324242;73740343;1242.987549;1272.131226;1199.406372;1199.831665;1199.831665;12096607824;21496.494141;21783.724609;21016.269531;21027.294922;21027.294922;18027170497
2022.06.27;125.314545;130.496338;120.377602;120.390953;120.390953;82580078;1199.713135;1234.180786;1179.792480;1193.680664;1193.680664;12492225250;21028.238281;21478.089844;20620.199219;20735.478516;20735.478516;20965695707
2022.06.28;120.391068;122.979187;116.071548;117.508247;117.508247;74168794;1193.254028;1229.739014;1141.159668;1144.579224;1144.579224;14023205651;20731.544922;21164.423828;20228.812500;20280.634766;20280.634766;21381535161
2022.06.29;117.511353;124.535698;117.098953;118.694260;118.694260;89781176;1144.524414;1152.684814;1092.099121;1098.943848;1098.943848;15386286815;20281.169922;20364.156250;19937.791016;20104.023438;20104.023438;23552740328
2022.06.30;118.720451;119.454521;108.306694;112.762634;112.762634;78156771;1099.353149;1103.690430;1009.094849;1067.298828;1067.298828;16350755497;20108.312500;20141.160156;18729.656250;19784.726563;19784.726563;26267239923
2022.07.01;112.918564;116.705238;111.117874;115.039345;115.039345;73585317;1068.316772;1100.223877;1040.150757;1059.767334;1059.767334;17499453625;19820.470703;20632.671875;19073.708984;19269.367188;19269.367188;30767551159
2022.07.02;115.133095;118.856445;113.422966;116.014381;116.014381;77097757;1060.121216;1073.052612;1033.962158;1066.512817;1066.512817;9935603640;19274.835938;19371.748047;19027.082031;19242.255859;19242.255859;18100418740
2022.07.03;116.008270;117.412521;114.703957;116.368416;116.368416;60471638;1066.467407;1083.418945;1044.005615;1073.766968;1073.766968;8557248150;19242.095703;19558.269531;18966.951172;19297.076172;19297.076172;16390821947
2022.07.04;116.370834;124.133194;115.049660;124.015518;124.015518;72535864;1073.794312;1152.943848;1048.396362;1151.059082;1151.059082;13670889311;19297.314453;20258.748047;19063.066406;20231.261719;20231.261719;21594638208
2022.07.05;123.976990;124.992874;118.752716;122.339622;122.339622;89872229;1150.509766;1165.682739;1086.829956;1134.541016;1134.541016;16195518291;20225.353516;20635.466797;19341.232422;20190.115234;20190.115234;26715546990
2022.07.06;122.363937;126.687569;121.200478;125.494568;125.494568;107952769;1134.822266;1193.636719;1116.247559;1186.973999;1186.973999;15373536703;20194.619141;20595.529297;19823.511719;20548.246094;20548.246094;24598943708
2022.07.07;125.533325;131.388611;125.255814;130.436829;130.436829;87061683;1186.960938;1246.894897;1165.623169;1237.593384;1237.593384;14230795894;20547.814453;21771.816406;20296.103516;21637.587891;21637.587891;25814972520
2022.07.08;130.469330;133.547897;125.617218;125.617218;125.617218;81208946;1237.580322;1262.885742;1200.632202;1222.506226;1222.506226;16315929082;21637.154297;22314.941406;21257.453125;21731.117188;21731.117188;49899834488
2022.07.09;125.585106;128.924927;125.246979;127.173157;127.173157;60121922;1222.306885;1228.767944;1209.377563;1216.978271;1216.978271;8821353104;21716.828125;21877.138672;21445.957031;21592.207031;21592.207031;29641127858
2022.07.10;127.191696;129.157379;120.876244;129.157379;129.157379;98369503;1216.904419;1216.904419;1157.175537;1168.401611;1168.401611;10984558039;21591.080078;21591.080078;20727.123047;20860.449219;20860.449219;28688807249
2022.07.11;129.129349;132.657150;125.744003;127.019791;127.019791;163613480;1168.139038;1169.193848;1095.002808;1097.236572;1097.236572;12064180410;20856.353516;20856.353516;19924.539063;19970.556641;19970.556641;24150249025
2022.07.12;127.022034;129.183105;123.136009;123.185577;123.185577;106710927;1097.259155;1097.259155;1038.135620;1038.191650;1038.191650;12583282453;19970.474609;20043.445313;19308.531250;19323.914063;19323.914063;25810220018
2022.07.13;123.184540;125.542091;117.834457;124.019043;124.019043;91311918;1038.186646;1113.587158;1019.220337;1113.587158;1113.587158;18302588147;19325.972656;20223.052734;18999.953125;20212.074219;20212.074219;33042430345
2022.07.14;124.064301;134.784012;123.409882;133.764832;133.764832;101671233;1113.515747;1202.953369;1077.405762;1191.526245;1191.526245;16688640823;20211.466797;20789.894531;19689.257813;20569.919922;20569.919922;31158743333
2022.07.15;133.800522;141.171646;132.665421;138.906723;138.906723;113264774;1191.674805;1275.778198;1182.903198;1233.129150;1233.129150;17411448225;20573.156250;21138.244141;20397.000000;20836.328125;20836.328125;25905575359
2022.07.16;138.867920;143.765137;135.705093;139.035995;139.035995;115613262;1232.791626;1377.944580;1195.605957;1352.626465;1352.626465;18364013796;20834.103516;21514.404297;20518.898438;21190.316406;21190.316406;24302954056
2022.07.17;139.070892;141.920563;134.925705;135.953568;135.953568;75311845;1353.205078;1378.417480;1329.763306;1338.635742;1338.635742;16079711737;21195.041016;21600.640625;20778.179688;20779.343750;20779.343750;22927802083
2022.07.18;135.960709;148.484573;135.960709;147.483994;147.483994;107876099;1338.806030;1578.717896;1338.806030;1578.717896;1578.717896;27440420623;20781.912109;22633.033203;20781.912109;22485.689453;22485.689453;39974475562
2022.07.19;147.356552;148.831940;140.212372;146.978378;146.978378;155497350;1578.383911;1607.033081;1501.797485;1542.975220;1542.975220;27753529276;22467.849609;23666.962891;21683.406250;23389.433594;23389.433594;48765202697
2022.07.20;146.858398;153.090698;143.389572;151.671158;151.671158;182883969;1542.954346;1612.645752;1500.803223;1520.200684;1520.200684;22942708340;23393.191406;24196.818359;23009.949219;23231.732422;23231.732422;42932549127
2022.07.21;151.728256;152.590073;146.708893;151.005661;151.005661;172584700;1520.374512;1595.761963;1472.185425;1576.749512;1576.749512;20009556587;23233.201172;23388.322266;22431.148438;23164.628906;23164.628906;33631012204
2022.07.22;151.007065;153.259125;148.468964;149.294678;149.294678;139084671;1576.745361;1641.209229;1523.641724;1537.405151;1537.405151;18926100582;23163.751953;23671.927734;22603.416016;22714.978516;22714.978516;31421555646
2022.07.23;149.228607;151.203674;142.670227;146.423859;146.423859;100903721;1536.457397;1591.632568;1495.678101;1549.297485;1549.297485;14998811383;22706.984375;22977.210938;22002.910156;22465.478516;22465.478516;24021799169
2022.07.24;146.427032;153.768234;146.392273;151.459732;151.459732;101611497;1549.222534;1654.428711;1548.671143;1599.476685;1599.476685;17217849557;22465.509766;22974.001953;22306.839844;22609.164063;22609.164063;23565495303
2022.07.25;151.463928;152.044388;143.576721;143.955902;143.955902;109517730;1599.157227;1605.336914;1445.383423;1445.383423;1445.383423;20585056021;22607.156250;22649.121094;21361.642578;21361.701172;21361.701172;35574561406
2022.07.26;143.926407;151.020493;138.239182;151.020493;151.020493;156063144;1445.151123;1445.151123;1362.951660;1441.806763;1441.806763;18238563509;21361.121094;21361.121094;20776.816406;21239.753906;21239.753906;28624673855
2022.07.27;150.988525;162.774719;150.383286;161.605179;161.605179;182674278;1443.726807;1636.799438;1423.618896;1636.232666;1636.232666;23007524016;21244.169922;22986.529297;21070.806641;22930.548828;22930.548828;31758955233
2022.07.28;161.602890;165.988022;157.090363;162.390472;162.390472;224914350;1636.231934;1774.576416;1604.890991;1725.468140;1725.468140;27231399966;22933.640625;24110.470703;22722.265625;23843.886719;23843.886719;40212386158
2022.07.29;162.382202;165.972824;159.115021;160.120468;160.120468;202604097;1725.623901;1759.884033;1662.791138;1727.406982;1727.406982;23249531113;23845.212891;24294.787109;23481.173828;23804.632813;23804.632813;35887249746
2022.07.30;160.088852;163.366714;154.840256;155.708832;155.708832;158352419;1727.061890;1738.016846;1678.108032;1695.969482;1695.969482;15576977870;23796.818359;24572.580078;23580.507813;23656.207031;23656.207031;28148218301
2022.07.31;155.721924;159.632599;153.911240;154.845581;154.845581;131377522;1695.884766;1745.883179;1672.612793;1681.517334;1681.517334;14200735370;23652.070313;24121.642578;23275.703125;23336.896484;23336.896484;23553591896
2022.08.01;154.827988;161.376648;152.415466;160.910126;160.910126;105374252;1681.445557;1700.170898;1613.416016;1635.195801;1635.195801;16191371176;23336.718750;23464.787109;22890.796875;23314.199219;23314.199219;25849159141
2022.08.02;160.868637;161.604248;154.173904;156.717270;156.717270;120000815;1634.645874;1672.629761;1567.851074;1632.945435;1632.945435;20426082309;23308.433594;23415.041016;22710.083984;22978.117188;22978.117188;28389250717
2022.08.03;156.732437;163.797897;155.176514;156.669693;156.669693;110358575;1633.051270;1678.098267;1595.634521;1618.874512;1618.874512;16786218830;22981.302734;23578.650391;22747.835938;22846.507813;22846.507813;26288169966
2022.08.04;156.678818;162.766830;156.370255;159.335571;159.335571;105835155;1618.886719;1658.511597;1585.326538;1608.205811;1608.205811;14467440626;22848.214844;23198.009766;22485.701172;22630.957031;22630.957031;25120229769
2022.08.05;159.320786;162.173553;156.934479;161.642426;161.642426;91510566;1607.523926;1732.254639;1606.497070;1732.254639;1732.254639;18546491876;22626.833984;23422.828125;22612.177734;23289.314453;23289.314453;28881249043
2022.08.06;161.637054;164.948090;160.334793;160.662857;160.662857;85517741;1732.661133;1744.326416;1691.658081;1691.658081;1691.658081;11757911705;23291.423828;23326.562500;22961.279297;22961.279297;22961.279297;15978259885
2022.08.07;160.722305;170.978149;158.644333;164.789429;164.789429;149742599;1691.777954;1724.789185;1672.908447;1699.350830;1699.350830;10252090340;22963.505859;23359.009766;22894.556641;23175.890625;23175.890625;15886817043
2022.08.08;164.844345;169.372726;162.665512;167.201324;167.201324;132055216;1699.693481;1806.886475;1697.407959;1775.516113;1775.516113;16841424404;23179.527344;24203.689453;23176.546875;23809.486328;23809.486328;28575544847
2022.08.09;167.170792;171.438232;155.985947;158.055740;158.055740;127854381;1776.071289;1786.122559;1675.849854;1703.025024;1703.025024;16368619692;23811.484375;23898.615234;22982.000000;23164.318359;23164.318359;23555719219
2022.08.10;158.063034;169.574341;155.814774;167.745575;167.745575;154479021;1702.906494;1869.400635;1665.090454;1851.742676;1851.742676;23512477984;23162.898438;24127.414063;22771.519531;23947.642578;23947.642578;32837431722
2022.08.11;167.750549;169.071472;157.116379;160.070877;160.070877;153613368;1851.828369;1927.939209;1851.828369;1881.224121;1881.224121;23826986482;23948.345703;24822.628906;23900.996094;23957.529297;23957.529297;37127036580
2022.08.12;159.876450;166.564056;157.531265;166.262054;166.262054;119496709;1880.899170;1957.552979;1860.083496;1957.246460;1957.246460;17168141904;23957.203125;24412.566406;23657.265625;24402.818359;24402.818359;27265804688
2022.08.13;166.218430;168.237411;165.093185;166.478195;166.478195;89014942;1957.333984;2013.755737;1948.595215;1981.336548;1981.336548;16038975216;24402.187500;24860.050781;24346.115234;24424.068359;24424.068359;22987346289
2022.08.14;166.492020;169.336029;164.102295;165.520172;165.520172;73938483;1981.782471;2022.791504;1919.010132;1936.802002;1936.802002;14062754456;24429.056641;24974.914063;24206.259766;24319.333984;24319.333984;22994133555
2022.08.15;165.519180;169.168747;161.878693;163.680222;163.680222;97995109;1936.760498;2007.210327;1881.856812;1904.228149;1904.228149;20349931313;24318.316406;25135.589844;23839.775391;24136.972656;24136.972656;35123501685
2022.08.16;163.633789;174.110947;162.269028;169.876190;169.876190;132922171;1902.833130;1910.745361;1862.273438;1878.139404;1878.139404;15637578930;24126.136719;24228.416016;23733.500000;23883.291016;23883.291016;27753685646
2022.08.17;169.879929;170.495987;159.186249;168.487137;168.487137;181835113;1877.934326;1951.675659;1823.532227;1832.999634;1832.999634;20308508124;23881.316406;24407.058594;23243.353516;23335.998047;23335.998047;30931623076
2022.08.18;168.551239;170.644165;159.238205;159.691208;159.691208;143325904;1833.715576;1876.376953;1826.957764;1847.007813;1847.007813;14999352229;23341.039063;23563.832031;23177.601563;23212.738281;23212.738281;23747613147
2022.08.19;159.995468;161.107605;142.058456;142.572876;142.572876;172998597;1847.095337;1847.095337;1611.338867;1612.987305;1612.987305;25906358731;23213.312500;23213.312500;20868.847656;20877.552734;20877.552734;40509610260
2022.08.20;142.536346;149.695435;142.359802;149.012604;149.012604;96670694;1612.650635;1652.218750;1534.298828;1577.003784;1577.003784;18334580263;20872.841797;21350.806641;20856.730469;21166.060547;21166.060547;27595671000
2022.08.21;148.976715;157.233856;148.883209;154.509308;154.509308;102188382;1576.543579;1640.936523;1569.046509;1619.318970;1619.318970;15849221752;21160.392578;21668.845703;21103.197266;21534.121094;21534.121094;23102307723
2022.08.22;154.484146;154.667297;150.612488;153.890381;153.890381;100084496;1619.166870;1622.778809;1535.014771;1622.505859;1622.505859;18557078599;21531.462891;21531.462891;20939.183594;21398.908203;21398.908203;31666498758
2022.08.23;153.909683;155.780457;150.315674;154.617188;154.617188;104083826;1622.939331;1666.676514;1569.428589;1662.769897;1662.769897;18322041914;21401.044922;21646.203125;20955.138672;21528.087891;21528.087891;31878280659
2022.08.24;154.562134;154.787018;150.459549;150.973206;150.973206;103296087;1662.695435;1686.557739;1610.099243;1657.059204;1657.059204;16780932907;21526.455078;21783.076172;21195.005859;21395.019531;21395.019531;31962253368
2022.08.25;150.955780;155.326767;150.510986;154.217285;154.217285;81474548;1657.336548;1718.183228;1656.856079;1696.457031;1696.457031;14818795695;21395.458984;21789.636719;21362.441406;21600.904297;21600.904297;31028679593
2022.08.26;154.185699;155.244400;141.635635;142.710815;142.710815;114446697;1696.324585;1698.561035;1498.771240;1507.782837;1507.782837;26713710143;21596.085938;21804.908203;20199.482422;20260.019531;20260.019531;42326789564
2022.08.27;142.710358;145.717621;141.928131;145.055435;145.055435;87999222;1508.156982;1517.150024;1454.282959;1491.395020;1491.395020;18120831899;20262.480469;20340.775391;19890.523438;20041.738281;20041.738281;30116729776
2022.08.28;145.043839;149.243423;144.205200;146.422821;146.422821;84867316;1491.206787;1505.791992;1430.547363;1430.547363;1430.547363;12823572918;20041.035156;20139.054688;19616.814453;19616.814453;19616.814453;24366810591
2022.08.29;146.436279;152.955841;144.867508;152.634659;152.634659;99602495;1430.439453;1556.309570;1427.728394;1553.037354;1553.037354;17965837488;19615.154297;20357.462891;19600.785156;20297.994141;20297.994141;32637854078
2022.08.30;152.629562;152.824585;147.312744;148.695724;148.695724;97795973;1553.188965;1600.461182;1480.831787;1523.838867;1523.838867;21835784470;20298.611328;20542.644531;19617.640625;19796.808594;19796.808594;34483360283
2022.08.31;148.721466;152.444489;148.480423;149.027832;149.027832;83549697;1524.286499;1612.358887;1524.286499;1553.684937;1553.684937;20591680941;19799.582031;20420.990234;19799.582031;20049.763672;20049.763672;33225232872
2022.09.01;149.044891;154.638443;148.491226;153.876877;153.876877;107601509;1553.756348;1593.082764;1520.188354;1586.176758;1586.176758;16434276817;20050.498047;20198.390625;19653.968750;20127.140625;20127.140625;30182031010
2022.09.02;154.081177;154.626587;150.358444;153.444534;153.444534;106638604;1586.017944;1643.183228;1551.877930;1577.220459;1577.220459;17708478709;20126.072266;20401.568359;19814.765625;19969.771484;19969.771484;29123998928
2022.09.03;153.471130;154.712051;151.688507;154.350357;154.350357;67389715;1577.213745;1579.454346;1541.672119;1556.872681;1556.872681;9516825994;19969.718750;20037.009766;19698.355469;19832.087891;19832.087891;23613051457
2022.09.04;154.356049;156.220016;153.647430;155.631134;155.631134;64303551;1556.895874;1578.009277;1543.698853;1577.641602;1577.641602;8884144998;19832.470703;19999.689453;19636.816406;19986.712891;19986.712891;25245861652
2022.09.05;155.622665;157.870453;154.814438;157.505341;157.505341;82447046;1577.884033;1621.661377;1559.781860;1617.183228;1617.183228;13060541168;19988.789063;20031.160156;19673.046875;19812.371094;19812.371094;28813460025
2022.09.06;157.522781;159.743347;144.833969;145.026138;145.026138;105691301;1617.240234;1680.595337;1561.748535;1561.748535;1561.748535;22946059125;19817.724609;20155.269531;18800.171875;18837.667969;18837.667969;43403978910
2022.09.07;144.950851;152.059586;141.929382;149.232574;149.232574;98033777;1560.906738;1651.051147;1500.013672;1629.906372;1629.906372;19560363854;18837.683594;19427.171875;18644.466797;19290.324219;19290.324219;35239757134
2022.09.08;149.233353;152.426529;147.767471;152.175339;152.175339;82798120;1629.805176;1655.064087;1603.063843;1635.347656;1635.347656;17621046717;19289.941406;19417.351563;19076.714844;19329.833984;19329.833984;32194477850
2022.09.09;152.175949;159.720169;151.765671;159.720169;159.720169;103665193;1635.187744;1735.809814;1632.836548;1719.085449;1719.085449;20242323690;19328.140625;21439.410156;19310.962891;21381.152344;21381.152344;48469528171
2022.09.10;160.002502;161.677124;157.358948;157.581055;157.581055;76903926;1718.961304;1784.497803;1710.296997;1776.203735;1776.203735;13130928217;21376.912109;21760.275391;21168.722656;21680.539063;21680.539063;36913738894
2022.09.11;157.612946;159.213715;154.800797;158.860352;158.860352;70199114;1775.976074;1782.729858;1730.164795;1761.800049;1761.800049;12464301922;21678.542969;21770.552734;21406.945313;21769.255859;21769.255859;34493951963
2022.09.12;158.856659;164.834427;158.242157;163.911850;163.911850;124676542;1762.084839;1778.163452;1698.293457;1713.765259;1713.765259;17688391310;21770.148438;22439.181641;21603.896484;22370.449219;22370.449219;50212088965
2022.09.13;163.953552;165.239487;145.333664;145.669540;145.669540;129962276;1713.962524;1745.779053;1564.031860;1580.787964;1580.787964;23066821734;22371.480469;22673.820313;20062.669922;20296.707031;20296.707031;51091116622
2022.09.14;146.436462;151.714981;145.333664;149.802734;149.802734;104499348;1574.858154;1642.157227;1564.031860;1634.755005;1634.755005;17897150206;20184.554688;20467.201172;19793.396484;20241.089844;20241.089844;37872380889
2022.09.15;149.814651;151.672852;144.001022;145.810165;145.810165;102172491;1635.083008;1648.945679;1466.139404;1471.693481;1471.693481;26946275878;20242.289063;20318.166016;19636.734375;19701.210938;19701.210938;36389011503
2022.09.16;145.788589;149.417267;144.180176;149.408981;149.408981;82198522;1471.928345;1480.564209;1415.581299;1432.447754;1432.447754;16764804299;19704.005859;19870.628906;19400.076172;19772.583984;19772.583984;30123362273
2022.09.17;149.333267;151.888672;147.563004;147.779617;147.779617;74830196;1432.876465;1473.060425;1415.042358;1469.741699;1469.741699;10798098671;19777.033203;20162.531250;19777.033203;20127.576172;20127.576172;24957448100
2022.09.18;147.768005;148.976532;138.249405;140.529114;140.529114;92480384;1469.705444;1469.705444;1331.494751;1335.329102;1335.329102;15762284723;20127.234375;20127.234375;19387.492188;19419.505859;19419.505859;31254779144
2022.09.19;140.495636;141.741562;135.561295;140.486542;140.486542;92512029;1335.270752;1388.272217;1287.420898;1377.541382;1377.541382;18712714223;19418.572266;19639.480469;18390.318359;19544.128906;19544.128906;40177002624
2022.09.20;140.516327;143.226807;139.661530;142.354172;142.354172;84427432;1377.619019;1381.965698;1319.201416;1324.388184;1324.388184;14722317220;19545.591797;19602.457031;18813.455078;18890.789063;18890.789063;36791346508
2022.09.21;142.355698;144.876190;134.803894;135.606674;135.606674;89281823;1324.215576;1384.476929;1229.426758;1252.607788;1252.607788;20643507800;18891.283203;19674.630859;18290.314453;18547.400391;18547.400391;46363793975
2022.09.22;135.534836;144.168518;134.120392;144.168518;144.168518;84813632;1251.567383;1336.157837;1240.968262;1327.680176;1327.680176;18461527259;18534.650391;19456.910156;18415.591797;19413.550781;19413.550781;41135767926
2022.09.23;144.150345;146.137161;137.881210;141.406143;141.406143;78466488;1327.481201;1353.288330;1270.198364;1328.259521;1328.259521;18771106339;19412.400391;19464.671875;18617.552734;19297.638672;19297.638672;38896078052
2022.09.24;141.409302;143.908478;140.730408;141.765076;141.765076;60288628;1328.244629;1346.255249;1312.640259;1317.993286;1317.993286;12098209717;19296.990234;19310.197266;18861.974609;18937.011719;18937.011719;26149643168
2022.09.25;141.757828;144.527573;140.147202;141.104095;141.104095;49824840;1317.938477;1333.371338;1275.627686;1294.216797;1294.216797;11802651633;18936.310547;19134.732422;18696.468750;18802.097656;18802.097656;23359966112
2022.09.26;141.103485;146.105759;139.975784;145.709396;145.709396;65981124;1294.386108;1335.526367;1282.049316;1335.320190;1335.320190;16034549271;18803.900391;19274.873047;18721.285156;19222.671875;19222.671875;44148798321
2022.09.27;145.716492;152.892029;143.181198;144.613052;144.613052;96826191;1335.337036;1396.891479;1308.991455;1330.127686;1330.127686;17870598937;19221.839844;20338.455078;18915.667969;19110.546875;19110.546875;58571439619
2022.09.28;144.555725;147.941879;140.303192;147.296051;147.296051;83476179;1329.541382;1351.964478;1267.869263;1337.410889;1337.410889;18994979566;19104.621094;19688.343750;18553.296875;19426.720703;19426.720703;53071298734
2022.09.29;147.306503;149.147339;146.335541;148.346817;148.346817;82200005;1337.554443;1348.107666;1293.193359;1335.652344;1335.652344;13796915736;19427.779297;19589.265625;18924.353516;19573.050781;19573.050781;41037843771
2022.09.30;148.347900;150.637863;146.321320;147.307281;147.307281;67515235;1335.646484;1368.743408;1320.383179;1327.978638;1327.978638;14250100093;19573.431641;20109.849609;19265.662109;19431.789063;19431.789063;43975248085
2022.10.01;147.316650;150.234344;140.780411;140.872849;140.872849;60837078;1328.193726;1332.516479;1306.102539;1311.644409;1311.644409;6227961237;19431.105469;19471.154297;19231.082031;19312.095703;19312.095703;18719537670
2022.10.02;140.883377;141.817627;136.602676;136.917343;136.917343;74110632;1311.753418;1316.330078;1275.336060;1276.093506;1276.093506;7578351650;19311.849609;19370.308594;18970.621094;19044.107422;19044.107422;20765955327
2022.10.03;136.915558;141.722366;136.715027;141.722366;141.722366;80885366;1276.163452;1326.554443;1271.150879;1323.439209;1323.439209;10153070907;19044.068359;19653.542969;19025.226563;19623.580078;19623.580078;30484729489
2022.10.04;141.704361;147.529709;141.704361;146.867355;146.867355;79137645;1323.278320;1364.970947;1320.076660;1362.126587;1362.126587;10139774963;19623.583984;20380.343750;19523.839844;20336.843750;20336.843750;35887278685
2022.10.05;146.823685;148.069290;143.837158;146.253876;146.253876;71303418;1361.972900;1362.451782;1320.855103;1352.837158;1352.837158;9774451820;20335.900391;20343.748047;19801.800781;20160.716797;20160.716797;33223790572
2022.10.06;146.263245;152.514771;143.528214;149.132080;149.132080;120777904;1352.806641;1380.404907;1349.449951;1351.709473;1351.709473;12033514861;20161.039063;20408.392578;19900.087891;19955.443359;19955.443359;34711412966
2022.10.07;149.147568;149.338943;143.983185;146.479355;146.479355;81911826;1351.836426;1359.328125;1321.746094;1332.516968;1332.516968;10061619355;19957.558594;20041.085938;19395.792969;19546.849609;19546.849609;29227315390
2022.10.08;146.480621;148.254929;145.205444;147.314453;147.314453;50390631;1332.371338;1335.954834;1307.072998;1315.500488;1315.500488;5804676208;19546.328125;19601.695313;19299.414063;19416.568359;19416.568359;16437423167
2022.10.09;147.296692;148.957336;145.286209;145.686264;145.686264;52054450;1315.460205;1327.668823;1309.344604;1322.604248;1322.604248;5486230123;19417.478516;19542.539063;19349.259766;19446.425781;19446.425781;16837262532
2022.10.10;145.686142;147.707870;142.328583;142.330322;142.330322;69531927;1322.618652;1335.662720;1291.337646;1291.337646;1291.337646;8794491050;19446.416016;19515.466797;19102.978516;19141.484375;19141.484375;27425022774
2022.10.11;142.305588;145.111130;140.399384;144.710953;144.710953;69098909;1291.109619;1296.273926;1272.737671;1279.575684;1279.575684;9274845260;19139.000000;19241.960938;18925.603516;19051.417969;19051.417969;28711532910
2022.10.12;144.704987;146.716705;142.835922;144.882309;144.882309;66358492;1279.732300;1303.075195;1277.527466;1294.906372;1294.906372;8355638578;19052.646484;19203.199219;19029.757813;19157.445313;19157.445313;24950173846
2022.10.13;144.881073;145.240219;135.281693;142.840515;142.840515;105016337;1294.917358;1297.564209;1209.278198;1288.123901;1288.123901;17499038202;19156.966797;19453.328125;18319.822266;19382.904297;19382.904297;44219840004
2022.10.14;142.843460;145.938705;139.913559;140.508179;140.508179;64896650;1288.048706;1339.744751;1285.378296;1297.422119;1297.422119;13113767755;19382.533203;19889.146484;19115.408203;19185.656250;19185.656250;38452356727
2022.10.15;140.505737;141.760468;139.243546;139.520721;139.520721;55760656;1297.305908;1300.745972;1268.468506;1274.871704;1274.871704;6798512624;19185.437500;19212.541016;19019.250000;19067.634766;19067.634766;16192235532
2022.10.16;139.549576;143.480789;139.549576;143.164383;143.164383;50093538;1275.005493;1312.634521;1275.005493;1306.296631;1306.296631;7491625206;19068.914063;19389.603516;19068.914063;19268.093750;19268.093750;17988916650
2022.10.17;143.158417;145.026733;142.597900;143.612000;143.612000;75011148;1306.309570;1335.647827;1297.447266;1331.713623;1331.713623;9401189650;19268.562500;19635.802734;19173.333984;19550.757813;19550.757813;27472552998
2022.10.18;143.624588;148.039398;142.697784;146.093826;146.093826;118028731;1331.669922;1339.085938;1291.660645;1310.447021;1310.447021;10416747806;19550.466797;19666.994141;19144.769531;19334.416016;19334.416016;30580012344
2022.10.19;146.099319;148.462082;144.796875;145.044846;145.044846;81641779;1310.563110;1312.442383;1283.965332;1285.744263;1285.744263;8350692785;19335.027344;19348.416016;19127.687500;19139.535156;19139.535156;22425387184
2022.10.20;145.041626;148.424316;140.163910;141.207642;141.207642;86726962;1285.660278;1307.855103;1275.323975;1283.200928;1283.200928;9009111996;19138.085938;19315.199219;18971.458984;19053.740234;19053.740234;24493974420
2022.10.21;141.195435;143.249649;137.309967;140.729477;140.729477;80536580;1283.188110;1305.081299;1260.666748;1299.946411;1299.946411;10412565245;19053.203125;19237.384766;18770.970703;19172.468750;19172.468750;32459287866
2022.10.22;140.724609;142.956726;139.785629;142.801865;142.801865;52005951;1299.902344;1317.101074;1295.946899;1314.299194;1314.299194;7175324564;19172.380859;19248.068359;19132.244141;19208.189453;19208.189453;16104440957
2022.10.23;142.805847;144.903381;142.196381;144.488083;144.488083;59010194;1314.249512;1367.760742;1302.908813;1363.447021;1363.447021;9909510925;19207.734375;19646.652344;19124.197266;19567.007813;19567.007813;22128794335
2022.10.24;144.501663;144.744339;141.601822;143.225418;143.225418;64894664;1363.491821;1368.425537;1327.854004;1344.998535;1344.998535;13092820173;19567.769531;19589.125000;19206.324219;19345.572266;19345.572266;30202235805
2022.10.25;143.212753;146.437180;142.943665;144.185669;144.185669;72524752;1344.711304;1509.985474;1336.978882;1461.665405;1461.665405;25367291294;19344.964844;20348.412109;19261.447266;20095.857422;20095.857422;47761524910
2022.10.26;144.103073;147.977676;143.989792;146.840759;146.840759;547034411;1461.133179;1584.636719;1460.428711;1566.566650;1566.566650;32705548427;20092.236328;20938.134766;20076.117188;20770.441406;20770.441406;58895950537
2022.10.27;146.847336;149.844315;145.096741;145.764969;145.764969;88909512;1566.841431;1574.403442;1510.816772;1514.374878;1514.374878;22813499245;20772.802734;20854.044922;20255.373047;20285.835938;20285.835938;49625110402
2022.10.28;145.752151;148.189590;144.090363;146.804565;146.804565;78888727;1514.323120;1568.633911;1493.871094;1555.477905;1555.477905;19974623205;20287.957031;20724.980469;20086.068359;20595.351563;20595.351563;43994715910
2022.10.29;146.785217;149.328934;145.913147;148.936035;148.936035;68340397;1555.274658;1652.382202;1549.983643;1619.698486;1619.698486;21618154775;20595.103516;20988.394531;20566.484375;20818.476563;20818.476563;40369840645
2022.10.30;148.933197;150.294434;146.375259;147.528564;147.528564;62561254;1619.697876;1637.037842;1579.485229;1590.783325;1590.783325;13930073427;20817.982422;20917.005859;20547.462891;20635.603516;20635.603516;31486345556
2022.10.31;147.539291;150.670090;146.167877;149.146301;149.146301;88726916;1590.481323;1630.452881;1555.918945;1572.714478;1572.714478;19306919714;20633.695313;20795.320313;20287.458984;20495.773438;20495.773438;45668466815
2022.11.01;149.143295;151.028610;148.479172;149.668274;149.668274;80351280;1572.645386;1606.605713;1568.098511;1579.704590;1579.704590;14507311208;20494.898438;20647.289063;20359.845703;20485.273438;20485.273438;39819303159
2022.11.02;149.664124;151.222656;145.082825;146.864075;146.864075;91845402;1579.497925;1613.410645;1507.244751;1519.711792;1519.711792;23254218281;20482.958984;20742.810547;20087.134766;20159.503906;20159.503906;55552169483
2022.11.03;146.862732;150.277481;146.774612;149.283020;149.283020;67370440;1519.724854;1556.759644;1517.101685;1531.541748;1531.541748;14248351007;20162.689453;20382.095703;20086.240234;20209.988281;20209.988281;43228750179
2022.11.04;149.298798;158.320480;149.010590;158.320480;158.320480;81654141;1531.397583;1661.334717;1529.268433;1645.093384;1645.093384;20806964347;20208.769531;21209.560547;20188.019531;21147.230469;21147.230469;64072727950
2022.11.05;158.333710;161.862823;156.860382;157.242599;157.242599;92819170;1645.156494;1660.486450;1625.964233;1627.968018;1627.968018;11006973190;21144.832031;21446.886719;21097.634766;21282.691406;21282.691406;37846047609
2022.11.06;157.262680;160.394424;154.569061;154.919769;154.919769;72323195;1627.901123;1634.132446;1572.234741;1572.234741;1572.234741;11632744705;21285.056641;21345.376953;20920.191406;20926.486328;20926.486328;35082693210
2022.11.07;154.926620;159.318237;153.346497;155.234894;155.234894;86541001;1572.016968;1604.475342;1550.415527;1568.591309;1568.591309;15279963349;20924.621094;21053.246094;20489.972656;20602.816406;20602.816406;53510852236
2022.11.08;155.231049;157.053421;131.247467;138.239548;138.239548;151917221;1568.329590;1574.799805;1259.443115;1332.835571;1332.835571;42048003440;20600.671875;20664.607422;17603.544922;18541.271484;18541.271484;1,18992E+11
2022.11.09;138.229065;139.689407;116.102791;119.120728;119.120728;135160589;1333.122437;1335.743530;1083.285645;1100.169800;1100.169800;38864492427;18543.761719;18590.458984;15682.692383;15880.780273;15880.780273;1,02905E+11
2022.11.10;119.193871;134.505600;118.108780;133.224411;133.224411;206666370;1100.107178;1341.791138;1093.122559;1299.464600;1299.464600;28581002122;15883.158203;18054.312500;15834.018555;17586.771484;17586.771484;83202283721
2022.11.11;133.191498;134.326660;123.535545;128.019562;128.019562;127218541;1298.882446;1302.295288;1211.329590;1287.221069;1287.221069;20920539099;17583.251953;17650.943359;16543.482422;17034.292969;17034.292969;55871616488
2022.11.12;128.056534;129.596161;125.053421;128.375656;128.375656;58409628;1287.438354;1288.150879;1242.152222;1255.268311;1255.268311;10964962767;17036.875000;17066.675781;16651.775391;16799.185547;16799.185547;29717699419
2022.11.13;128.384537;131.008850;126.361382;127.467720;127.467720;72796688;1255.441284;1271.712524;1208.520996;1221.819214;1221.819214;10717455214;16799.722656;16920.765625;16320.634766;16353.365234;16353.365234;27209183682
2022.11.14;127.448891;130.439636;122.048065;129.822495;129.822495;92690172;1221.895508;1284.217651;1178.429077;1241.604248;1241.604248;15028035663;16352.028320;17109.324219;15872.941406;16618.199219;16618.199219;49630243054
2022.11.15;129.824860;132.508911;127.710739;128.993073;128.993073;65958551;1241.677734;1283.198730;1238.688232;1251.736206;1251.736206;11798011594;16617.484375;17051.962891;16542.550781;16884.613281;16884.613281;36599436183
2022.11.16;128.990555;132.602234;127.087418;132.247360;132.247360;71164610;1251.808838;1264.486328;1192.987793;1215.602539;1215.602539;11939561598;16884.341797;16960.294922;16430.111328;16669.439453;16669.439453;33925512989
2022.11.17;132.240494;133.096481;130.469589;132.727921;132.727921;70045786;1215.848633;1224.965698;1189.152710;1200.808594;1200.808594;9723646871;16670.425781;16726.439453;16460.683594;16687.517578;16687.517578;27868914022
2022.11.18;132.773331;134.438644;131.139954;133.294037;133.294037;61416670;1200.802124;1226.737427;1200.802124;1212.300293;1212.300293;7979913378;16687.912109;16947.058594;16564.611328;16697.777344;16697.777344;26862218609
2022.11.19;133.262985;134.514923;132.029999;134.364105;134.364105;49939254;1212.215454;1227.837280;1200.475586;1218.426758;1218.426758;5978745776;16696.220703;16797.876953;16570.410156;16711.546875;16711.546875;16106223492
2022.11.20;134.367035;134.367859;129.120285;129.820129;129.820129;56089447;1218.436279;1224.077759;1137.933228;1142.466675;1142.466675;9651002684;16712.919922;16746.779297;16248.692383;16291.832031;16291.832031;21313378652
2022.11.21;129.811951;135.093674;126.430283;126.511673;126.511673;121851705;1142.395752;1142.395752;1084.857300;1108.353027;1108.353027;14080099208;16291.223633;16291.223633;15599.046875;15787.284180;15787.284180;37429485518
2022.11.22;126.424591;134.081100;125.825996;133.947510;133.947510;92739376;1107.895996;1136.442627;1081.138184;1135.173462;1135.173462;12040670755;15782.300781;16253.047852;15656.606445;16189.769531;16189.769531;30726828760
2022.11.23;133.943192;136.853851;133.153778;134.870087;134.870087;115892346;1135.421509;1184.997314;1130.022827;1183.199585;1183.199585;11242676044;16195.588867;16638.193359;16170.502930;16610.707031;16610.707031;32958875628
2022.11.24;134.904160;137.258469;133.407562;136.748245;136.748245;78831613;1183.345093;1211.627441;1180.379761;1203.983154;1203.983154;9706372376;16611.636719;16771.474609;16501.767578;16604.464844;16604.464844;26129037414
2022.11.25;136.720001;138.096222;133.932236;136.306183;136.306183;73471270;1203.799438;1203.799438;1174.823364;1198.925903;1198.925903;5483308196;16602.269531;16603.316406;16388.404297;16521.841797;16521.841797;18678255976
2022.11.26;136.314728;139.221130;135.719238;138.807449;138.807449;74418922;1198.790527;1227.038086;1198.097900;1205.897949;1205.897949;5074160558;16521.576172;16666.863281;16416.228516;16464.281250;16464.281250;18000008764
2022.11.27;138.810165;139.577759;136.267136;136.435349;136.435349;67537839;1205.905273;1220.349487;1195.039063;1195.126953;1195.126953;4486976868;16463.882813;16594.406250;16437.025391;16444.626953;16444.626953;20443898509
2022.11.28;136.436600;137.051651;132.961151;134.960403;134.960403;59130701;1194.960327;1198.737671;1156.062500;1170.086182;1170.086182;7275411870;16440.222656;16482.933594;16054.530273;16217.322266;16217.322266;27743025156
2022.11.29;134.963745;139.635406;134.316010;137.498825;137.498825;77659770;1169.874390;1222.164185;1163.477539;1216.901245;1216.901245;7639405818;16217.639648;16522.257813;16139.396484;16444.982422;16444.982422;23581685468
2022.11.30;137.492477;142.382767;137.445404;142.120529;142.120529;73586346;1216.928711;1302.038696;1215.497925;1295.688599;1295.688599;9836925304;16445.476563;17190.937500;16445.476563;17168.566406;17168.566406;29523576583
2022.12.01;142.107544;144.748047;141.460083;144.353073;144.353073;88989235;1295.769531;1295.999878;1267.708496;1276.273926;1276.273926;6857935276;17168.001953;17197.498047;16888.388672;16967.132813;16967.132813;22895392882
2022.12.02;144.323776;146.370499;143.222702;145.491821;145.491821;65583368;1276.328613;1294.303345;1269.243164;1294.303345;1294.303345;6213645709;16968.683594;17088.660156;16877.880859;17088.660156;17088.660156;19539705127
2022.12.03;145.499908;148.187134;143.796066;145.349030;145.349030;76654089;1294.456543;1299.840332;1241.431885;1243.334839;1243.334839;5672609405;17090.097656;17116.041016;16888.140625;16908.236328;16908.236328;16217776704
2022.12.04;145.350708;147.359909;142.355164;142.355164;142.355164;73736309;1243.219238;1281.492310;1242.911743;1280.256592;1280.256592;5174128454;16908.169922;17157.767578;16903.439453;17130.486328;17130.486328;16824520830
2022.12.05;142.342926;145.779465;141.620453;145.197891;145.197891;80729829;1279.998901;1302.237549;1252.472412;1259.676758;1259.676758;6120359523;17128.894531;17378.152344;16922.431641;16974.826172;16974.826172;22209086834
2022.12.06;145.147873;145.941437;142.145004;143.438232;143.438232;68786473;1259.854248;1271.923218;1247.629883;1271.653809;1271.653809;5089212680;16975.238281;17091.863281;16939.921875;17089.503906;17089.503906;19889922369
2022.12.07;143.431870;144.181290;141.323288;144.003265;144.003265;61457934;1271.553101;1272.694092;1224.447998;1232.437500;1232.437500;5752205180;17089.505859;17109.376953;16750.558594;16848.126953;16848.126953;19675404389
2022.12.08;144.005524;148.396133;143.021454;147.641174;147.641174;76057915;1232.451782;1286.229736;1226.358521;1281.116333;1281.116333;6227269815;16847.349609;17267.916016;16788.783203;17233.474609;17233.474609;20496603770
2022.12.09;147.631149;149.222458;146.399033;149.058350;149.058350;69238803;1281.077271;1290.055420;1260.818726;1264.284790;1264.284790;5706183865;17232.148438;17280.546875;17100.835938;17133.152344;17133.152344;20328426366
2022.12.10;149.054184;150.708649;148.469650;149.855682;149.855682;50931724;1264.375488;1279.527954;1262.119873;1266.384155;1266.384155;3282499999;17134.220703;17216.826172;17120.683594;17128.724609;17128.724609;12706781969
2022.12.11;149.785751;151.912155;149.323151;150.444473;150.444473;61435870;1266.417847;1281.783203;1260.663696;1263.868530;1263.868530;3362005848;17129.710938;17245.634766;17091.820313;17104.193359;17104.193359;14122486832
2022.12.12;150.445648;151.941879;148.207504;150.568024;150.568024;108543576;1263.573486;1275.610352;1243.477783;1274.619019;1274.619019;5151109364;17102.500000;17212.564453;16899.394531;17206.437500;17206.437500;19617581341
2022.12.13;150.588013;152.787842;148.473328;151.539627;151.539627;85940527;1274.662476;1341.439331;1258.472412;1320.549194;1320.549194;8812883119;17206.441406;17930.085938;17111.763672;17781.318359;17781.318359;26634741631
2022.12.14;151.531906;152.341248;146.985565;148.620819;148.620819;98242696;1320.688599;1346.174438;1305.833374;1309.328735;1309.328735;7830915428;17782.066406;18318.531250;17739.513672;17815.650391;17815.650391;25534481470
2022.12.15;148.633850;149.720840;146.861099;149.065460;149.065460;73147120;1309.190796;1311.067139;1262.689331;1266.353882;1266.353882;6032859783;17813.644531;17846.744141;17322.589844;17364.865234;17364.865234;20964448341
2022.12.16;149.064148;149.337921;140.961197;142.141907;142.141907;69577384;1266.460571;1278.156982;1162.175659;1168.259399;1168.259399;9297811507;17364.546875;17505.525391;16584.701172;16647.484375;16647.484375;24031608960
2022.12.17;142.119919;143.937531;138.765778;143.448380;143.448380;55942162;1168.066772;1189.045044;1165.407837;1188.149536;1188.149536;5077258586;16646.982422;16800.589844;16614.029297;16795.091797;16795.091797;14463581825
2022.12.18;143.449997;145.965134;142.959229;144.340393;144.340393;56488797;1188.128540;1194.214478;1176.185791;1184.715210;1184.715210;3350092519;16795.609375;16815.386719;16697.820313;16757.976563;16757.976563;10924354698
2022.12.19;144.346527;145.667267;143.297623;143.980255;143.980255;50595821;1184.758301;1192.923828;1160.377197;1167.609863;1167.609863;4943628091;16759.041016;16807.527344;16398.136719;16439.679688;16439.679688;17221074814
2022.12.20;143.995270;147.543457;143.953384;146.995483;146.995483;63666260;1167.882690;1224.092651;1165.599487;1217.703613;1217.703613;6684951715;16441.787109;17012.984375;16427.867188;16906.304688;16906.304688;22722096615
2022.12.21;146.995163;148.778442;146.600433;147.331558;147.331558;57307275;1217.586426;1218.192261;1206.440063;1213.599976;1213.599976;4217182733;16904.527344;16916.800781;16755.912109;16817.535156;16817.535156;14882945045
2022.12.22;147.349670;147.862366;143.849335;145.485336;145.485336;63201255;1213.672607;1221.986816;1187.127808;1218.182129;1218.182129;5297471739;16818.380859;16866.673828;16592.408203;16830.341797;16830.341797;16441573050
2022.12.23;145.477768;146.648849;140.079758;143.153595;143.153595;73632350;1218.079346;1226.998779;1215.994873;1220.159424;1220.159424;4835831923;16829.644531;16905.218750;16794.458984;16796.953125;16796.953125;15329265213
2022.12.24;143.157120;144.074509;141.933502;143.466736;143.466736;44443531;1220.117920;1224.911621;1216.338745;1221.148560;1221.148560;2626153345;16796.976563;16864.703125;16793.527344;16847.755859;16847.755859;9744636213
2022.12.25;143.467529;145.483551;143.341660;145.275101;145.275101;49253630;1221.171509;1223.517822;1203.719604;1218.962036;1218.962036;3942720070;16847.505859;16860.554688;16755.253906;16841.986328;16841.986328;11656379938
2022.12.26;145.254059;147.219376;144.492432;146.778900;146.778900;58136569;1218.920166;1226.974365;1214.335938;1226.974365;1226.974365;3282098400;16842.250000;16920.123047;16812.369141;16919.804688;16919.804688;11886957804
2022.12.27;146.762848;147.218933;144.144928;145.405945;145.405945;66100579;1226.987061;1230.418091;1205.895630;1212.791626;1212.791626;4091530737;16919.291016;16959.845703;16642.072266;16717.173828;16717.173828;15748580239
2022.12.28;145.413544;146.831573;143.868942;146.789368;146.789368;61169572;1212.736572;1213.128906;1185.702148;1189.986084;1189.986084;4991669631;16716.400391;16768.169922;16497.556641;16552.572266;16552.572266;17005713920
2022.12.29;146.781830;146.876007;145.019806;145.643021;145.643021;60893067;1190.010132;1204.141602;1188.360229;1201.595337;1201.595337;4132233940;16552.322266;16651.755859;16508.683594;16642.341797;16642.341797;14472237479
2022.12.30;145.639725;146.430939;144.419006;146.019653;146.019653;66830282;1201.569580;1202.034668;1187.462524;1199.232788;1199.232788;4055668253;16641.330078;16643.427734;16408.474609;16602.585938;16602.585938;15929162910
2022.12.31;146.011780;148.408340;145.412140;147.284760;147.284760;44549077;1199.360107;1205.088623;1194.203735;1196.771240;1196.771240;3018513333;16603.673828;16628.986328;16517.519531;16547.496094;16547.496094;11239186456
2023.01.01;147.309662;148.931030;146.437485;148.576935;148.576935;36453347;1196.713623;1203.475342;1192.885376;1200.964844;1200.964844;2399674550;16547.914063;16630.439453;16521.234375;16625.080078;16625.080078;9244361700
2023.01.02;148.582184;149.623535;147.943558;147.943558;147.943558;47050925;1201.103271;1219.860596;1195.214966;1214.656616;1214.656616;3765758498;16625.509766;16759.343750;16572.228516;16688.470703;16688.470703;12097775227
2023.01.03;147.933929;149.027832;147.628860;148.487930;148.487930;48662135;1214.744019;1219.095337;1207.491577;1214.778809;1214.778809;3392972131;16688.847656;16760.447266;16622.371094;16679.857422;16679.857422;13903079207
2023.01.04;148.466995;152.488983;148.342621;150.743652;150.743652;83915181;1214.718628;1264.807495;1213.168823;1256.526611;1256.526611;6404416893;16680.205078;16964.585938;16667.763672;16863.238281;16863.238281;18421743322
2023.01.05;150.790253;155.921738;150.769043;155.921738;155.921738;78049428;1256.484619;1258.571533;1245.173096;1250.438599;1250.438599;4001786456;16863.472656;16884.021484;16790.283203;16836.736328;16836.736328;13692758566
2023.01.06;155.920883;158.111328;152.795334;155.086243;155.086243;79245655;1250.458984;1273.220337;1240.947510;1269.379028;1269.379028;4977252792;16836.472656;16991.994141;16716.421875;16951.968750;16951.968750;14413662913
2023.01.07;155.031708;155.862900;153.755020;155.862335;155.862335;53777923;1269.419800;1270.598267;1262.271118;1264.270386;1264.270386;2565213548;16952.117188;16975.017578;16914.191406;16955.078125;16955.078125;7714767174
2023.01.08;155.836014;158.639191;154.268158;155.648804;155.648804;84999073;1264.181885;1287.359497;1260.226807;1287.359497;1287.359497;3495088905;16954.146484;17091.144531;16924.050781;17091.144531;17091.144531;9768827914
2023.01.09;155.652924;160.459213;155.303513;158.866623;158.866623;103423416;1287.450806;1342.144165;1286.680786;1321.538940;1321.538940;7990438824;17093.992188;17389.957031;17093.992188;17196.554688;17196.554688;18624736866
2023.01.10;158.845047;162.768616;157.766830;161.539932;161.539932;99741193;1321.395508;1342.757202;1318.527222;1336.586060;1336.586060;5830173253;17192.949219;17484.720703;17162.990234;17446.292969;17446.292969;15808338949
2023.01.11;161.545929;169.517319;160.338531;168.861603;168.861603;106257251;1336.486816;1387.932739;1323.583130;1387.932739;1387.932739;6314904311;17446.359375;17934.896484;17337.994141;17934.896484;17934.896484;18372283782
2023.01.12;169.406052;171.173996;164.391785;167.016678;167.016678;131424875;1405.351440;1432.281250;1378.422119;1417.938477;1417.938477;12230193038;18117.593750;19030.087891;17995.203125;18869.587891;18869.587891;34971338710
2023.01.13;167.010239;170.610229;164.239334;170.606049;170.606049;87475477;1417.946167;1461.672729;1404.023926;1451.614868;1451.614868;7684148212;18868.906250;19964.322266;18753.164063;19909.574219;19909.574219;29225029694
2023.01.14;170.584137;187.206604;170.371201;175.798264;175.798264;165233255;1451.428467;1563.739136;1450.988403;1550.706909;1550.706909;15444626014;19910.537109;21075.142578;19907.828125;20976.298828;20976.298828;38967784639
2023.01.15;175.698730;177.152328;171.824005;174.011520;174.011520;105771855;1550.731567;1556.950806;1520.893799;1552.479492;1552.479492;6774614499;20977.484375;20993.748047;20606.986328;20880.798828;20880.798828;19298407543
2023.01.16;174.151398;176.803345;166.276108;167.743805;167.743805;94584327;1552.519287;1594.039795;1529.573608;1576.833496;1576.833496;8454485431;20882.224609;21360.875000;20715.746094;21169.632813;21169.632813;26792494050
2023.01.17;167.804626;174.622452;165.766724;171.936829;171.936829;85230570;1577.107422;1594.000977;1553.335938;1567.846069;1567.846069;7599462786;21175.833984;21438.660156;20978.533203;21161.519531;21161.519531;24999983362
2023.01.18;171.919128;174.846390;161.689072;162.827515;162.827515;93743264;1567.698975;1602.106689;1509.422852;1515.506958;1515.506958;10354880595;21161.050781;21564.501953;20541.544922;20688.781250;20688.781250;30005625418
2023.01.19;162.796432;165.827316;156.985214;165.486298;165.486298;114313476;1515.249634;1557.970337;1514.380005;1552.556519;1552.556519;6432638856;20686.746094;21163.011719;20685.380859;21086.792969;21086.792969;21152848261
2023.01.20;165.534729;173.504776;165.046799;173.473663;173.473663;87344208;1552.373657;1659.885742;1544.917847;1659.754150;1659.754150;8528894754;21085.373047;22692.357422;20919.126953;22676.552734;22676.552734;28799154319
2023.01.21;173.516174;181.888824;171.666626;172.764359;172.764359;121595336;1659.706055;1674.179321;1626.812988;1627.118164;1627.118164;8859250310;22677.427734;23282.347656;22511.833984;22777.625000;22777.625000;32442278429
2023.01.22;172.777008;181.036682;172.648285;177.023788;177.023788;68364082;1627.365967;1658.023438;1612.085693;1628.382080;1628.382080;7517988734;22777.986328;23056.730469;22387.900391;22720.416016;22720.416016;24746386230
2023.01.23;177.014969;180.122299;175.390533;179.074173;179.074173;79188406;1628.550781;1641.218140;1607.903076;1628.251099;1628.251099;8264507375;22721.087891;23126.486328;22654.304688;22934.431641;22934.431641;26518700512
2023.01.24;179.031952;179.982895;168.641769;172.239944;172.239944;89372598;1627.848267;1639.723877;1551.389771;1556.604248;1556.604248;8180274691;22929.626953;23134.011719;22549.744141;22636.468750;22636.468750;26405069715
2023.01.25;172.231155;175.827591;166.494553;173.442657;173.442657;78029914;1556.807495;1632.241699;1530.797852;1611.711060;1611.711060;10598973448;22639.267578;23722.099609;22406.076172;23117.859375;23117.859375;30685366709
2023.01.26;173.394501;178.127045;171.118271;171.583984;171.583984;88195092;1611.080933;1626.198242;1586.598145;1603.105957;1603.105957;8395315241;23108.955078;23237.078125;22911.373047;23032.777344;23032.777344;26357839322
2023.01.27;171.618958;180.374084;167.915253;179.934998;179.934998;113831380;1603.080078;1617.000854;1565.244995;1598.156494;1598.156494;8124465373;23030.716797;23417.720703;22654.593750;23078.728516;23078.728516;25383335641
2023.01.28;179.954208;186.151810;178.267426;185.212555;185.212555;108556707;1598.125366;1604.704102;1565.390137;1572.435059;1572.435059;5803653357;23079.964844;23165.896484;22908.845703;23031.089844;23031.089844;14712928379
2023.01.29;185.170227;186.721725;182.376175;186.237305;186.237305;72731470;1572.629517;1653.724976;1568.984863;1646.155640;1646.155640;8801292300;23031.449219;23919.890625;22985.070313;23774.566406;23774.566406;27423687259
2023.01.30;186.235046;186.734772;174.991928;176.005981;176.005981;83337531;1646.147705;1646.651611;1546.660767;1567.326538;1567.326538;9180418120;23774.648438;23789.347656;22657.582031;22840.138672;22840.138672;27205595568
2023.01.31;176.021530;180.139297;171.963989;177.598236;177.598236;89898081;1567.419922;1598.517578;1563.804321;1586.535400;1586.535400;6585191019;22840.796875;23225.021484;22765.568359;23139.283203;23139.283203;22837828665
2023.02.01;177.572113;178.318710;172.886200;177.813568;177.813568;73077406;1586.488159;1644.727539;1566.857300;1641.792725;1641.792725;8116969489;23137.835938;23764.539063;22877.750000;23723.769531;23723.769531;26683255504
2023.02.02;177.788437;180.662704;172.615692;172.925430;172.925430;86375656;1641.365967;1704.458130;1641.322632;1643.241577;1643.241577;10558081069;23720.824219;24167.210938;23468.595703;23471.871094;23471.871094;32066936882
2023.02.03;172.897598;175.347137;170.511932;171.756348;171.756348;83722489;1642.904663;1670.696899;1634.223389;1664.745605;1664.745605;8169519805;23469.412109;23678.103516;23279.955078;23449.322266;23449.322266;27083066007
2023.02.04;171.787842;174.874527;170.924698;172.153381;172.153381;48843377;1664.472290;1690.099609;1648.189209;1667.059204;1667.059204;5843302512;23446.320313;23556.949219;23291.794922;23331.847656;23331.847656;15639298538
2023.02.05;172.164291;173.556824;165.387299;166.950958;166.950958;77877823;1667.166504;1671.770264;1616.391846;1631.645874;1631.645874;6926696531;23332.248047;23423.435547;22841.759766;22955.666016;22955.666016;19564262605
2023.02.06;166.908646;168.391388;163.598953;164.720871;164.720871;67642544;1631.645264;1653.715454;1611.319092;1616.247070;1616.247070;6919871886;22954.021484;23119.279297;22692.025391;22760.109375;22760.109375;23825006542
2023.02.07;164.723099;168.206879;163.970291;168.081375;168.081375;81162367;1616.009644;1673.797852;1614.863037;1672.003540;1672.003540;8030277434;22757.267578;23310.974609;22756.257813;23264.291016;23264.291016;27187964471
2023.02.08;168.089249;169.035172;163.432648;165.506104;165.506104;90876684;1671.905273;1688.527222;1635.265015;1650.716797;1650.716797;7806089579;23263.416016;23367.958984;22731.097656;22939.398438;22939.398438;25371367758
2023.02.09;165.543854;168.090134;150.998291;152.459656;152.459656;109861483;1651.082275;1655.234863;1537.182251;1546.438232;1546.438232;10524969124;22946.566406;22996.437500;21773.974609;21819.039063;21819.039063;32572572185
2023.02.10;152.462753;158.471649;151.728424;154.554474;154.554474;99139499;1546.596558;1553.325684;1504.834473;1514.869141;1514.869141;8397387897;21819.005859;21941.185547;21539.392578;21651.183594;21651.183594;27078406594
2023.02.11;154.559174;161.592148;153.909592;161.501602;161.501602;89797854;1514.941895;1541.334717;1510.146973;1539.926758;1539.926758;5064007416;21651.841797;21891.410156;21618.449219;21870.875000;21870.875000;16356226232
2023.02.12;161.494888;162.972458;158.258987;159.310593;159.310593;76572461;1539.776001;1545.554199;1501.462036;1515.033691;1515.033691;5319698775;21870.902344;22060.994141;21682.828125;21788.203125;21788.203125;17821046406
2023.02.13;159.343689;161.861832;153.885513;155.949844;155.949844;106473889;1514.916992;1524.731445;1470.023926;1507.165894;1507.165894;9363855114;21787.000000;21898.414063;21460.087891;21808.101563;21808.101563;23918742607
2023.02.14;155.947952;159.111725;154.443634;158.355774;158.355774;105604607;1506.992065;1562.034302;1497.194458;1556.875122;1556.875122;9249575045;21801.822266;22293.140625;21632.394531;22220.804688;22220.804688;26792596581
2023.02.15;158.375900;165.598145;156.928436;165.598145;165.598145;95996904;1556.765137;1674.289795;1545.689697;1673.745972;1673.745972;10015035156;22220.585938;24307.841797;22082.769531;24307.841797;24307.841797;32483312909
2023.02.16;165.593552;166.837906;155.589783;155.684891;155.684891;97953053;1673.867432;1732.801147;1638.145508;1640.067627;1640.067627;12704861676;24307.349609;25134.117188;23602.523438;23623.474609;23623.474609;39316664596
2023.02.17;155.671036;161.979019;155.151978;159.811874;159.811874;90643814;1640.280151;1716.781860;1636.173828;1694.783325;1694.783325;9802443159;23621.283203;24924.041016;23460.755859;24565.601563;24565.601563;41358451255
2023.02.18;159.800430;163.675797;158.836121;161.726547;161.726547;64754845;1694.741821;1705.309082;1683.670166;1691.819458;1691.819458;5491437195;24565.296875;24798.835938;24468.373047;24641.277344;24641.277344;19625427158
2023.02.19;161.717743;166.235443;159.954651;161.985138;161.985138;84728861;1691.680176;1718.947632;1673.906616;1681.436157;1681.436157;6959144003;24640.027344;25093.054688;24327.642578;24327.642578;24327.642578;25555105670
2023.02.20;162.117706;168.870834;160.844650;161.671204;161.671204;113695585;1682.337036;1716.489380;1659.295044;1702.675171;1702.675171;7703604237;24336.623047;25020.458984;23927.910156;24829.148438;24829.148438;28987376573
2023.02.21;161.694611;163.195724;157.041809;159.577850;159.577850;86671438;1702.797852;1714.285645;1642.396729;1658.036377;1658.036377;8721608198;24833.048828;25126.851563;24200.363281;24436.353516;24436.353516;31252098714
2023.02.22;159.576141;159.813156;155.969788;157.960114;157.960114;69161124;1658.140991;1663.996826;1604.803345;1643.231689;1643.231689;9189387004;24437.417969;24472.339844;23644.318359;24188.843750;24188.843750;30199996781
2023.02.23;157.965912;159.539658;150.178360;152.017487;152.017487;82723484;1643.298584;1674.601563;1632.566162;1651.073853;1651.073853;9013236167;24190.718750;24572.089844;23693.919922;23947.492188;23947.492188;30476264066
2023.02.24;152.024597;154.476166;149.106827;150.430984;150.430984;62755053;1650.895142;1661.091309;1583.147827;1608.373169;1608.373169;8909129423;23946.007813;24103.705078;23007.072266;23198.126953;23198.126953;26811744928
2023.02.25;150.431732;151.478561;145.717270;149.033722;149.033722;62828768;1608.658325;1608.865112;1567.631714;1594.914917;1594.914917;5657686235;23200.125000;23210.210938;22861.558594;23175.375000;23175.375000;16100721565
2023.02.26;149.025696;152.169632;148.404770;151.375534;151.375534;59485307;1594.761108;1645.273438;1590.393066;1640.817139;1640.817139;5727967432;23174.150391;23654.367188;23084.220703;23561.212891;23561.212891;16644534842
2023.02.27;151.384735;152.220505;146.545212;149.823303;149.823303;61948954;1640.763672;1662.575684;1615.387939;1634.326416;1634.326416;7239824677;23561.451172;23857.890625;23205.878906;23522.871094;23522.871094;22660763494
2023.02.28;149.838898;152.313629;149.007507;150.279373;150.279373;71567935;1634.502441;1644.435791;1602.428101;1605.895142;1605.895142;6323676957;23521.837891;23585.384766;23077.650391;23147.353516;23147.353516;20535363434
2023.03.01;150.283035;153.597061;150.283035;152.668167;152.668167;81021638;1606.040405;1663.433716;1601.548584;1663.433716;1663.433716;7701847224;23150.929688;23880.632813;23088.626953;23646.550781;23646.550781;24662841200
2023.03.02;152.670258;153.149094;148.752655;151.075195;151.075195;76654316;1663.549072;1672.051147;1622.599976;1647.319336;1647.319336;7080950926;23647.019531;23739.138672;23245.021484;23475.466797;23475.466797;20386398516
2023.03.03;151.065033;151.249481;141.265961;144.905441;144.905441;70335341;1647.557739;1648.475342;1552.451538;1569.167603;1569.167603;9922240199;23476.632813;23479.347656;22213.238281;22362.679688;22362.679688;26062404610
2023.03.04;144.930252;147.737137;144.293015;146.698761;146.698761;53506744;1569.278076;1575.637207;1551.736816;1566.923950;1566.923950;4389045367;22362.923828;22405.177734;22198.980469;22353.349609;22353.349609;11166012913
2023.03.05;146.706726;150.071732;146.392593;149.534653;149.534653;52900174;1567.179321;1584.208862;1559.954102;1564.468750;1564.468750;5020886238;22354.144531;22613.685547;22307.142578;22435.513672;22435.513672;13317001733
2023.03.06;149.529495;154.032669;148.491180;154.032669;154.032669;80317490;1564.383179;1579.456299;1557.363525;1567.398682;1567.398682;5245153345;22436.816406;22584.292969;22331.314453;22429.757813;22429.757813;17353192895
2023.03.07;154.011688;154.820221;148.610275;150.311218;150.311218;78897739;1567.424683;1579.162231;1543.127563;1561.933105;1561.933105;6854058349;22428.322266;22527.417969;22011.261719;22219.769531;22219.769531;22765452204
2023.03.08;150.314636;151.395401;143.648636;143.648636;143.648636;77643407;1561.977905;1568.175293;1534.088257;1534.088257;1534.088257;7130327525;22216.441406;22268.896484;21708.050781;21718.080078;21718.080078;22536575684
2023.03.09;143.612900;152.287186;140.819794;142.576080;142.576080;87243144;1534.031616;1544.108398;1423.264771;1438.660767;1438.660767;9457897583;21720.080078;21802.716797;20210.306641;20363.021484;20363.021484;30364664171
2023.03.10;142.576889;142.576889;132.243912;135.306824;135.306824;88987259;1438.760132;1438.760132;1378.525391;1429.158081;1429.158081;12665194936;20367.001953;20370.595703;19628.253906;20187.244141;20187.244141;39578257695
2023.03.11;135.300766;143.336456;133.528107;141.228928;141.228928;97614098;1429.100830;1484.136963;1428.723145;1482.616699;1482.616699;14917080154;20187.876953;20792.525391;20068.660156;20632.410156;20632.410156;30180288176
2023.03.12;141.249451;151.127426;140.509567;150.904724;150.904724;95149821;1482.431885;1607.152588;1461.610962;1590.292969;1590.292969;11480965122;20628.029297;22185.031250;20448.806641;22163.949219;22163.949219;29279035521
2023.03.13;150.903320;155.463867;146.130051;152.798584;152.798584;106682974;1590.831177;1699.911743;1572.074707;1680.308960;1680.308960;15711468959;22156.406250;24550.837891;21918.199219;24197.533203;24197.533203;49466362688
2023.03.14;152.803085;157.929977;147.618149;150.106155;150.106155;123490029;1680.295288;1779.917847;1665.902344;1703.507080;1703.507080;16159781303;24201.765625;26514.716797;24081.183594;24746.074219;24746.074219;54622230164
2023.03.15;150.133698;152.369949;142.861511;146.558441;146.558441;90334558;1705.189941;1721.079224;1616.630371;1656.180542;1656.180542;12715339905;24770.925781;25240.615234;23964.910156;24375.960938;24375.960938;43655701450
2023.03.16;146.641296;149.781586;145.032181;149.320816;149.320816;67289237;1656.332031;1693.139282;1639.261719;1677.215454;1677.215454;9364980166;24373.457031;25190.326172;24225.111328;25052.789063;25052.789063;33866061747
2023.03.17;149.306580;154.523972;149.283356;153.910538;153.910538;87483308;1677.296753;1799.343994;1667.131836;1792.485107;1792.485107;12467445117;25055.123047;27787.812500;24955.169922;27423.929688;27423.929688;50730261335
2023.03.18;153.935547;154.657394;147.450821;149.371887;149.371887;77701043;1793.592407;1840.357544;1751.262817;1761.659668;1761.659668;10317822213;27448.117188;27725.953125;26636.261719;26965.878906;26965.878906;35723036817
2023.03.19;149.410507;158.875793;149.200027;153.691940;153.691940;82942523;1762.963257;1843.844116;1762.963257;1785.576538;1785.576538;9170565472;26969.503906;28440.560547;26907.716797;28038.675781;28038.675781;37769448859
2023.03.20;153.706635;155.985306;150.019241;151.581024;151.581024;84614264;1785.416260;1807.725220;1728.103760;1735.321289;1735.321289;10978325507;28041.601563;28527.724609;27242.880859;27767.236328;27767.236328;44774027664
2023.03.21;151.654541;156.776550;149.583984;153.166351;153.166351;107975687;1735.617920;1836.288574;1725.007324;1806.760742;1806.760742;10758627746;27768.392578;28439.562500;27439.646484;28175.816406;28175.816406;36102192830
2023.03.22;153.281784;154.813568;146.146072;149.063339;149.063339;132191020;1804.957031;1821.458252;1717.765137;1737.717041;1737.717041;12484103560;28158.720703;28803.335938;26759.996094;27307.437500;27307.437500;33382021890
2023.03.23;149.055496;156.774704;148.828217;156.660492;156.660492;121513681;1737.140869;1853.888062;1732.524658;1816.405151;1816.405151;11012966854;27301.957031;28729.843750;27183.363281;28333.972656;28333.972656;24220433689
2023.03.24;156.655640;163.098389;155.316925;162.006424;162.006424;124715331;1815.819824;1819.935303;1730.349487;1752.044800;1752.044800;10913669383;28324.111328;28388.437500;27039.265625;27493.285156;27493.285156;25980310960
2023.03.25;162.027985;164.779724;160.063675;160.064163;160.064163;82501438;1751.469482;1762.674561;1716.651978;1743.764771;1743.764771;6614309912;27487.337891;27791.826172;27196.234375;27494.707031;27494.707031;13383005987
2023.03.26;160.066711;165.829865;158.986099;161.566513;161.566513;71529860;1743.842163;1797.880249;1741.182861;1775.676758;1775.676758;6990313307;27495.523438;28178.144531;27445.046875;27994.330078;27994.330078;13878363192
2023.03.27;161.568314;164.902039;151.630753;152.210693;152.210693;110634318;1775.481323;1781.379272;1690.516602;1715.460815;1715.460815;8585750760;27994.068359;28037.925781;26606.689453;27139.888672;27139.888672;18188895178
2023.03.28;152.113144;156.012375;149.851334;153.939194;153.939194;79536982;1715.327393;1791.110962;1702.564697;1772.785645;1772.785645;8346890042;27132.888672;27460.718750;26677.818359;27268.130859;27268.130859;17783600385
2023.03.29;153.973923;159.906158;153.801102;158.929489;158.929489;95172149;1772.899902;1825.600952;1772.899902;1793.001831;1793.001831;9136176952;27267.031250;28619.542969;27259.662109;28348.441406;28348.441406;20684945906
2023.03.30;158.937134;163.189545;154.571426;155.267715;155.267715;101354276;1793.345947;1827.280273;1766.248901;1792.737183;1792.737183;9724496987;28350.140625;29159.902344;27720.160156;28033.562500;28033.562500;22435349951
2023.03.31;null;null;null;null;null;null;1793.620117;1844.677368;1783.142212;1822.022095;1822.022095;9149379763;28032.261719;28639.896484;27583.714844;28478.484375;28478.484375;19001327598
2023.04.01;157.758606;157.787552;155.387024;156.458969;156.458969;67506312;1821.680908;1839.599731;1816.984741;1824.684082;1824.684082;8373167104;28458.333984;28778.746094;28372.871094;28423.890625;28423.890625;16431885312
